Frequency (Hz),Magnitude
0.0,3.142857142857143
0.38464893153074575,0.9736683167322095
0.7692978630614915,0.5216739243333309
1.1539467945922373,0.9850222017547556
1.538595726122983,0.5041466030719063
1.9232446576537288,0.4737511615219326
2.3078935891844745,0.9236852494917157
2.6925425207152203,0.6841407445750938
3.077191452245966,0.431263925864621
3.4618403837767118,0.3977923217959724
3.8464893153074575,1.1825522011214544
4.231138246838204,0.6884165956537917
4.615787178368949,1.2227409821543642
5.000436109899695,0.7253048829124711
5.3850850414304405,1.581234085377285
5.769733972961187,0.7480109816339655
6.154382904491932,1.5595336132930548
6.539031836022678,0.286523442533902
6.9236807675534235,0.6316221408948568
7.30832969908417,1.4606310091435017
7.692978630614915,1.3974311486078685
8.077627562145661,1.2465034361240825
8.462276493676407,0.8566408750185819
8.846925425207152,1.3870684241810278
9.231574356737898,2.5235422474360436
9.616223288268644,2.437135128988626
10.00087221979939,3.5316000241360146
10.385521151330135,0.8434750658152437
10.770170082860881,7.743025097586212
11.154819014391627,4.606458240796854
11.539467945922373,2.430116820000735
11.924116877453118,1.114790228217038
12.308765808983864,2.845737518018309
12.69341474051461,0.3645679615376345
13.078063672045356,2.2278024588976413
13.462712603576101,1.2756472310198868
13.847361535106847,1.28278284036486
14.232010466637593,0.1607544809692344
14.61665939816834,2.8944821988674287
15.001308329699084,1.7083171156695394
15.38595726122983,1.0947800409233386
15.770606192760576,0.8275256046981395
16.155255124291322,2.953852849586098
16.539904055822067,1.8095135802457847
16.924552987352815,2.893395456714876
17.30920191888356,3.007787231365819
17.693850850414304,2.325703416534201
18.07849978194505,2.1993539080377724
18.463148713475796,3.367067820518806
18.84779764500654,1.8056590631070677
19.23244657653729,5.0372343251455165
19.617095508068033,2.088558704022078
20.00174443959878,6.206640248821268
20.386393371129525,1.8803052757654708
20.77104230266027,5.597071906141693
21.155691234191018,3.2039190769004318
21.540340165721762,4.392467037245302
21.924989097252507,4.581442536805183
22.309638028783255,3.3064703708199397
22.694286960314,3.388306161845586
23.078935891844747,3.150995481112784
23.46358482337549,3.638495256970693
23.848233754906236,0.863070139422867
24.232882686436984,2.948603451973629
24.617531617967728,0.693760895404005
25.002180549498473,0.7570259141215634
25.38682948102922,1.4844450176935464
25.771478412559965,1.1409026454469238
26.156127344090713,1.4072568165941999
26.540776275621457,2.305283134232602
26.925425207152202,0.9645267053078559
27.31007413868295,3.3339176362981755
27.694723070213694,0.26844030887630554
28.07937200174444,1.3847647706173374
28.464020933275187,1.9347479028557601
28.84866986480593,4.449770676623125
29.23331879633668,5.3789788940388
29.617967727867423,1.195057661206556
30.002616659398168,3.608422266077573
30.387265590928916,3.2388096921223917
30.77191452245966,3.7312029603630963
31.156563453990405,15.010039646154727
31.541212385521153,4.464818253206991
31.925861317051897,7.121850891785613
32.310510248582645,10.469069882637633
32.695159180113386,4.374719187043617
33.079808111644134,7.830557892112756
33.46445704317488,7.364839094896192
33.84910597470563,0.7514582221476487
34.23375490623637,4.776081432726995
34.61840383776712,7.774341707846861
35.00305276929787,4.950455958209513
35.38770170082861,5.039487838707574
35.772350632359355,6.906375576150676
36.1569995638901,8.81312177112125
36.541648495420844,3.1354124592234887
36.92629742695159,3.3682987505610167
37.31094635848234,1.4016250706189568
37.69559529001308,0.8203142114180232
38.08024422154383,6.103599087915499
38.46489315307458,2.618926827428141
38.84954208460532,13.820308293273957
39.234191016136066,11.157631828293875
39.618839947666814,3.3434534652966215
40.00348887919756,12.200373835088655
40.3881378107283,7.479628866855038
40.77278674225905,11.535400089114415
41.1574356737898,10.601572752693558
41.54208460532054,4.151708666711446
41.92673353685129,9.707457148628375
42.311382468382035,4.386636624331245
42.696031399912776,5.733082302618994
43.080680331443524,6.93155670391597
43.46532926297427,8.468078219735238
43.84997819450501,6.626175279377762
44.23462712603576,4.968269814956276
44.61927605756651,4.98993389758787
45.00392498909725,7.917676660421404
45.388573920628,1.5542839817251592
45.773222852158746,7.835058994790478
46.157871783689494,15.318665675807093
46.542520715220235,10.706510023311568
46.92716964675098,4.317799605422798
47.31181857828173,5.919628776042865
47.69646750981247,10.482564495708507
48.08111644134322,3.5587822417878505
48.46576537287397,1.3483140521620163
48.85041430440471,6.582520353349742
49.235063235935456,12.241875005765358
49.619712167466204,3.4026770127826227
50.004361098996945,3.8338967606720975
50.38901003052769,7.791851181432982
50.77365896205844,10.695590835007629
51.15830789358918,7.170083805135309
51.54295682511993,4.536710182548444
51.92760575665068,4.367382665662042
52.312254688181426,6.156242894715199
52.69690361971217,11.662599632443868
53.081552551242915,15.150167301642563
53.46620148277366,10.227917439689602
53.850850414304404,7.749111326120079
54.23549934583515,13.253951747534032
54.6201482773659,16.137406570918408
55.00479720889664,6.8441067974712055
55.38944614042739,2.136812040673628
55.774095071958136,6.821564620166288
56.15874400348888,9.110026980676075
56.543392935019625,12.293087967383943
56.92804186655037,12.330650884188334
57.312690798081114,5.332660496432461
57.69733972961186,4.1357442454300255
58.08198866114261,4.99786587804228
58.46663759267336,3.8554921336304577
58.8512865242041,6.351885582630164
59.23593545573485,8.779673739689308
59.620584387265595,9.502505533671744
60.005233318796336,5.672170735413597
60.389882250327084,6.288879692974755
60.77453118185783,5.680809035348349
61.15918011338857,11.062466193162022
61.54382904491932,4.041867456402537
61.92847797645007,3.644488578623561
62.31312690798081,3.647869612755508
62.69777583951156,1.615493108488163
63.082424771042305,9.094235104287366
63.467073702573046,5.4086715797556915
63.851722634103794,3.1677554290361827
64.23637156563454,6.51016864540851
64.62102049716529,9.38913928619048
65.00566942869604,3.2226386394793303
65.39031836022677,6.963062551651058
65.77496729175752,5.497669681670479
66.15961622328827,7.276526317086797
66.54426515481902,3.65477424543463
66.92891408634976,1.5010714378509307
67.31356301788051,0.7029274891030429
67.69821194941126,4.454815220346874
68.082860880942,5.639670134909798
68.46750981247274,3.6633617176655076
68.85215874400349,2.481890063991607
69.23680767553424,7.222152999821191
69.62145660706499,6.304144160270956
70.00610553859573,4.08678394388624
70.39075447012647,3.033010978868359
70.77540340165721,11.41901091730754
71.16005233318796,1.8169937487234555
71.54470126471871,4.82018502346635
71.92935019624946,4.201774515658215
72.3139991277802,2.634048220065834
72.69864805931094,6.396317405382435
73.08329699084169,1.7513421921855592
73.46794592237244,2.9945023524758687
73.85259485390318,4.367548563558644
74.23724378543393,7.972336247952209
74.62189271696468,1.3548081306855515
75.00654164849543,5.62755105494709
75.39119058002616,4.1715947272279585
75.77583951155691,7.872172447044927
76.16048844308766,8.762126363507106
76.5451373746184,5.705065305939116
76.92978630614915,7.661503017093514
77.3144352376799,4.248339418237959
77.69908416921064,9.232702945479426
78.08373310074138,10.020924698041387
78.46838203227213,4.512376153408983
78.85303096380288,3.203685725897367
79.23767989533363,15.22658959476437
79.62232882686438,4.6449657548584575
80.00697775839512,3.0197425677476466
80.39162668992586,8.648584933440944
80.7762756214566,2.070472662123115
81.16092455298735,4.087957021225102
81.5455734845181,3.1312056036277607
81.93022241604885,4.445513673873725
82.3148713475796,9.173715879769741
82.69952027911033,2.4881701044173146
83.08416921064108,3.1132870145587073
83.46881814217183,2.0128433611747276
83.85346707370257,9.404394507865412
84.23811600523332,7.213027187787281
84.62276493676407,8.359362927216448
85.0074138682948,15.642084118587613
85.39206279982555,8.928031511560961
85.7767117313563,8.454280272818327
86.16136066288705,8.97912988924688
86.5460095944178,7.272054565848149
86.93065852594854,4.512924540849923
87.31530745747929,3.2955090192567784
87.69995638901003,17.43574727565052
88.08460532054077,8.029405464495929
88.46925425207152,9.505745634355543
88.85390318360227,14.528658094478242
89.23855211513302,8.953871800405228
89.62320104666377,15.516907096567182
90.0078499781945,10.058941610334148
90.39249890972525,11.531766563658655
90.777147841256,14.329034093590048
91.16179677278674,12.246257865882733
91.54644570431749,21.21198935962264
91.93109463584824,26.21192339134449
92.31574356737899,12.395314771937505
92.70039249890972,13.436930841630517
93.08504143044047,23.999362858385958
93.46969036197122,27.192155003242107
93.85433929350197,23.8010350105641
94.23898822503271,17.734696777545544
94.62363715656346,6.774500160675852
95.0082860880942,14.913260229997059
95.39293501962494,13.786997213906538
95.77758395115569,11.336653834917707
96.16223288268644,10.635722289345226
96.54688181421719,13.211765955621292
96.93153074574793,15.17800933287279
97.31617967727867,24.12672975514187
97.70082860880942,24.9692107957828
98.08547754034016,15.094094814828818
98.47012647187091,12.052238009635378
98.85477540340166,17.70441722231119
99.23942433493241,22.025569215515205
99.62407326646316,21.82738639811638
100.00872219799389,5.3135503024678625
100.39337112952464,12.070287511375602
100.77802006105539,7.192800524797092
101.16266899258613,11.141486896029395
101.54731792411688,3.4379229582226642
101.93196685564763,14.964887017444156
102.31661578717836,8.16728614754313
102.70126471870911,16.988890835195917
103.08591365023986,12.262345017239236
103.47056258177061,4.884141293501793
103.85521151330136,10.210807953079291
104.2398604448321,13.882868725272418
104.62450937636285,8.517953404871214
105.00915830789359,11.371750937886107
105.39380723942433,12.44178002331302
105.77845617095508,5.423200496928692
106.16310510248583,12.110296028662196
106.54775403401658,7.032849713872661
106.93240296554733,10.276931756528866
107.31705189707806,13.802753391155681
107.70170082860881,17.592729524169542
108.08634976013956,4.811133456778657
108.4709986916703,10.888545120451695
108.85564762320105,13.624870263783357
109.2402965547318,15.254936051557038
109.62494548626253,8.043432808449026
110.00959441779328,6.071025732226088
110.39424334932403,4.702419951264012
110.77889228085478,10.115671889848514
111.16354121238552,0.9966424450297026
111.54819014391627,7.851202322807001
111.93283907544702,4.672071538630972
112.31748800697775,8.646468941383615
112.7021369385085,7.033305092593627
113.08678587003925,4.40125698095811
113.47143480157,6.39233657058037
113.85608373310075,7.768988398285004
114.2407326646315,14.086478276861886
114.62538159616223,6.399796952473708
115.01003052769298,8.973563470498183
115.39467945922372,15.594534477281698
115.77932839075447,8.209914197741327
116.16397732228522,15.676697119461421
116.54862625381597,9.748783730007105
116.93327518534672,11.447979273033654
117.31792411687745,6.465545311148336
117.7025730484082,7.289010010599308
118.08722197993895,9.400221978651121
118.4718709114697,8.02227156688494
118.85651984300044,8.16628365354591
119.24116877453119,8.125164303430319
119.62581770606192,1.6717266670342226
120.01046663759267,2.214395992167417
120.39511556912342,6.297134927079159
120.77976450065417,3.866530133119764
121.16441343218492,19.946770487098675
121.54906236371566,4.644113808074166
121.9337112952464,10.007612806399331
122.31836022677714,12.597117377704553
122.70300915830789,6.742487297105448
123.08765808983864,5.570057997798872
123.47230702136939,3.7399264191804478
123.85695595290014,8.770680535695226
124.24160488443088,20.99729668606999
124.62625381596162,13.710314011576491
125.01090274749237,4.39068617332372
125.39555167902311,5.927203323879395
125.78020061055386,6.2514347406881505
126.16484954208461,11.97473281073182
126.54949847361536,8.693261787129577
126.93414740514609,16.201819525532784
127.31879633667684,13.171514399072562
127.70344526820759,7.837064486524313
128.08809419973832,10.94363233502687
128.47274313126908,15.889999718966974
128.85739206279982,10.716095495560149
129.24204099433058,9.173098145280772
129.6266899258613,4.873073110335248
130.01133885739208,9.826554507438649
130.3959877889228,11.112851086535946
130.78063672045354,8.075043782669347
131.1652856519843,10.827264001057056
131.54993458351504,20.016074860403247
131.9345835150458,19.280668133620573
132.31923244657654,2.077139350847028
132.7038813781073,3.844973051226163
133.08853030963803,5.79151541168665
133.47317924116876,8.702741372914621
133.85782817269953,5.002421704263678
134.24247710423026,8.169024062877941
134.62712603576102,3.7574655699790185
135.01177496729176,0.8617764259783074
135.39642389882252,4.0450967579165225
135.78107283035325,15.038783466812966
136.165721761884,9.444621619762623
136.55037069341475,12.72858311668305
136.93501962494548,20.519419948920216
137.31966855647624,7.806974503606494
137.70431748800698,20.03080983680144
138.0889664195377,19.86805826119836
138.47361535106847,13.921726761258109
138.8582642825992,11.056783792344747
139.24291321412997,16.945950924327843
139.6275621456607,9.678519272673995
140.01221107719147,12.494678086261636
140.3968600087222,13.5078198277956
140.78150894025293,14.083092927716397
141.1661578717837,4.32950029246975
141.55080680331443,5.0334128448598925
141.9354557348452,1.4375868271072023
142.32010466637593,6.931136775233261
142.7047535979067,1.6437938740990412
143.08940252943742,8.144106054043293
143.47405146096816,9.884034996286546
143.85870039249892,10.734482745967684
144.24334932402965,13.220351078532484
144.6279982555604,6.096741041460734
145.01264718709115,9.348664849476654
145.39729611862188,10.82790364834229
145.78194505015264,18.48217601448718
146.16659398168338,3.529797703571152
146.55124291321414,14.053039234792076
146.93589184474487,16.467025227837983
147.32054077627564,8.110326782808466
147.70518970780637,10.183016531120387
148.0898386393371,5.863561169552881
148.47448757086786,7.348839289053507
148.8591365023986,8.276933555729398
149.24378543392936,12.191222890554888
149.6284343654601,11.208319053438826
150.01308329699086,9.374071851423983
150.3977322285216,13.63084012773849
150.78238116005232,12.52616346233847
151.1670300915831,4.873333625626818
151.55167902311382,3.9480399541283737
151.93632795464458,4.717455557807502
152.32097688617532,11.5988052995555
152.70562581770605,1.184667539774982
153.0902747492368,9.03423679247752
153.47492368076755,7.990537425924568
153.8595726122983,8.641174155075468
154.24422154382904,4.210527723493234
154.6288704753598,7.343909401827256
155.01351940689054,6.9661074897959745
155.39816833842127,2.915500581609355
155.78281726995203,5.6303650595154275
156.16746620148277,5.437560988248886
156.55211513301353,5.644621729344724
156.93676406454426,8.599927205405898
157.32141299607503,6.114194790016151
157.70606192760576,6.627373596494283
158.0907108591365,12.557209678445522
158.47535979066726,6.84705029564657
158.860008722198,2.982054267437113
159.24465765372875,5.392506023077144
159.62930658525949,5.395478253636325
160.01395551679025,10.264165285698207
160.39860444832098,6.1863961922931425
160.78325337985171,10.223379854141925
161.16790231138248,4.134372725468349
161.5525512429132,11.705533904927208
161.93720017444397,5.007219462312633
162.3218491059747,11.715565572383486
162.70649803750544,8.642513663673656
163.0911469690362,3.0539817405993666
163.47579590056694,1.805972661215521
163.8604448320977,4.859654556217988
164.24509376362843,8.432639852745826
164.6297426951592,2.1247450037173556
165.01439162668993,8.993870389495083
165.39904055822066,3.9407448976379214
165.78368948975142,9.057344710362246
166.16833842128216,3.2247085518381766
166.55298735281292,3.8661392747668786
166.93763628434365,9.126629505822201
167.32228521587442,4.83648206870744
167.70693414740515,4.767188075117894
168.09158307893588,2.459548089933493
168.47623201046665,4.567337814383167
168.86088094199738,7.93732438852531
169.24552987352814,10.78627180043867
169.63017880505888,7.5510307627010596
170.0148277365896,14.153894768017508
170.39947666812037,7.142533746188633
170.7841255996511,10.54032935345593
171.16877453118187,7.818903840315746
171.5534234627126,20.877200821416118
171.93807239424336,10.848475888686588
172.3227213257741,11.609226121503731
172.70737025730483,13.97994973316014
173.0920191888356,17.760306562010282
173.47666812036633,15.258489903842822
173.8613170518971,19.722671915729375
174.24596598342782,13.322034688870675
174.63061491495858,13.387524193412938
175.01526384648932,10.67734639570858
175.39991277802005,15.537369068850865
175.78456170955081,21.023087997928965
176.16921064108155,18.699158601180162
176.5538595726123,15.166755389648273
176.93850850414304,17.448884976554698
177.3231574356738,20.416863122281498
177.70780636720454,12.913099104139485
178.09245529873527,24.9429889926308
178.47710423026604,14.567611202235561
178.86175316179677,24.212131746140525
179.24640209332753,17.741501035220903
179.63105102485827,21.38364724554303
180.015699956389,13.886105572473355
180.40034888791976,27.128606113231797
180.7849978194505,15.33358050685423
181.16964675098126,25.15830943894351
181.554295682512,26.1778925513499
181.93894461404275,15.822175932669085
182.3235935455735,16.724775831430193
182.70824247710422,19.187716195019274
183.09289140863498,12.68104079423419
183.47754034016572,22.666728893740533
183.86218927169648,20.975451306575277
184.2468382032272,4.541423094151926
184.63148713475798,15.438856130196625
185.0161360662887,2.3523756036798047
185.40078499781944,14.92823534689045
185.7854339293502,16.84620520165607
186.17008286088094,16.36806065836186
186.5547317924117,10.629803741820238
186.93938072394243,8.927750012448378
187.32402965547317,12.244103107323891
187.70867858700393,7.52001067244636
188.09332751853466,9.854287709203245
188.47797645006543,6.55040683818961
188.86262538159616,13.897432537461523
189.24727431312692,4.937577484674936
189.63192324465766,12.67985368069435
190.0165721761884,8.877524500862519
190.40122110771915,13.32453361617383
190.7858700392499,0.9869862045130714
191.17051897078065,7.025568819651087
191.55516790231138,3.5774051549955797
191.93981683384214,17.3004744978774
192.32446576537288,3.823222683196994
192.7091146969036,11.20063870321759
193.09376362843437,3.4171366936883154
193.4784125599651,7.4247220937962695
193.86306149149587,0.569317865823803
194.2477104230266,8.874451755626053
194.63235935455734,5.828659611090386
195.0170082860881,1.089132762926971
195.40165721761883,8.40416520611352
195.7863061491496,6.071207914413089
196.17095508068033,6.241611885696164
196.5556040122111,4.72555290500114
196.94025294374183,1.6877761388687742
197.32490187527256,3.3370106345163686
197.70955080680332,5.840526183533283
198.09419973833405,5.125106332161479
198.47884866986482,0.6558597468894938
198.86349760139555,20.57003100890835
199.2481465329263,4.751738098688572
199.63279546445705,6.418459674333853
200.01744439598778,9.898576463314013
200.40209332751854,7.318904710837096
200.78674225904928,6.90305181132164
201.17139119058004,12.939417954928876
201.55604012211077,13.029529602049056
201.94068905364153,18.683806719893596
202.32533798517227,17.39225251835543
202.709986916703,13.673922643977212
203.09463584823376,2.0771370957507127
203.4792847797645,2.4435923830260053
203.86393371129526,11.026766223369105
204.248582642826,8.148474919559774
204.63323157435673,5.57646203808849
205.0178805058875,12.844385485636478
205.40252943741822,15.904295161298599
205.787178368949,7.92918859743016
206.17182730047972,11.16741210460768
206.55647623201048,15.324045671439922
206.94112516354122,15.376929569229386
207.32577409507195,2.5062526421683216
207.7104230266027,10.265801707377072
208.09507195813345,6.674367497203288
208.4797208896642,11.231291675784668
208.86436982119494,3.350242242270843
209.2490187527257,12.121199679420753
209.63366768425644,9.022321921304053
210.01831661578717,19.05498060337274
210.40296554731793,2.225777340541022
210.78761447884867,5.1271627316175845
211.17226341037943,9.133641141811415
211.55691234191016,11.411851827587984
211.9415612734409,54.5014607997497
212.32621020497166,10.119390156733758
212.7108591365024,40.72452471087668
213.09550806803315,28.964156224103437
213.4801569995639,5.637928346930129
213.86480593109465,50.79260325922626
214.24945486262538,25.918006130182714
214.63410379415612,54.66866598649367
215.01875272568688,77.46199424823497
215.40340165721761,17.737694593675517
215.78805058874838,50.90616905456762
216.1726995202791,16.49239286520278
216.55734845180987,10.138835484904455
216.9419973833406,32.700328577256776
217.32664631487134,5.1658896211665875
217.7112952464021,35.09210675890942
218.09594417793284,24.662364897395282
218.4805931094636,11.745038925097134
218.86524204099433,11.852842169779157
219.24989097252507,24.479949757610207
219.63453990405583,15.07679567493549
220.01918883558656,7.931347547718564
220.40383776711732,16.915825618993992
220.78848669864806,6.557828423632386
221.17313563017882,12.605829037613747
221.55778456170955,20.765568217295574
221.9424334932403,16.051762488914715
222.32708242477105,9.550465139681057
222.71173135630178,29.947693330751637
223.09638028783255,25.99990310995691
223.48102921936328,1.5309310601646808
223.86567815089404,6.951589752619305
224.25032708242477,18.504525554782244
224.6349760139555,13.683342733764643
225.01962494548627,17.83352159421094
225.404273877017,17.44541860484541
225.78892280854777,12.285087868815728
226.1735717400785,35.64472318891295
226.55822067160926,34.78724435818949
226.94286960314,40.836800947558345
227.32751853467073,38.15611369960966
227.7121674662015,17.278618228242554
228.09681639773223,38.600328789730874
228.481465329263,45.97325897979168
228.86611426079372,7.688290097253738
229.25076319232446,72.79539194533449
229.63541212385522,31.41575239973355
230.02006105538595,12.37494791656358
230.4047099869167,41.47810916576461
230.78935891844745,12.611668498084844
231.1740078499782,31.88074019263405
231.55865678150894,45.073951835430286
231.94330571303968,36.599506070988646
232.32795464457044,26.13692741319048
232.71260357610117,39.390623837993964
233.09725250763194,52.64991644291272
233.48190143916267,49.044366485579296
233.86655037069343,37.51553691338453
234.25119930222417,68.9022200360402
234.6358482337549,5.660824364568212
235.02049716528566,29.869821572330316
235.4051460968164,60.909331572689084
235.78979502834716,36.52151037000283
236.1744439598779,89.92860281783047
236.55909289140862,105.45833432049298
236.9437418229394,51.949077169538256
237.32839075447012,48.33243686627722
237.71303968600088,93.63933671223982
238.09768861753162,94.73158136722465
238.48233754906238,26.22546033799294
238.8669864805931,58.553335494198315
239.25163541212385,57.00200643723613
239.6362843436546,12.369777516999362
240.02093327518534,49.54441783890963
240.4055822067161,78.36332997025843
240.79023113824684,34.25250549194407
241.1748800697776,78.57491620107987
241.55952900130833,49.81930063674234
241.94417793283907,21.868461683813926
242.32882686436983,16.686109393243715
242.71347579590056,61.62446423963872
243.09812472743133,61.37708356819261
243.48277365896206,30.396320254284454
243.8674225904928,64.58520685957569
244.25207152202356,23.447481167007215
244.6367204535543,55.288527394283314
245.02136938508505,60.611398622512496
245.40601831661579,81.28398148984134
245.79066724814655,46.14026223971237
246.17531617967728,41.68402573278675
246.55996511120802,35.75390785641314
246.94461404273878,44.577601398754496
247.3292629742695,31.899494015558624
247.71391190580027,57.590415634540996
248.098560837331,40.398270897690956
248.48320976886177,66.34877345343558
248.8678587003925,61.725807905742016
249.25250763192324,46.844052387278595
249.637156563454,35.79131835653414
250.02180549498473,57.4013343642249
250.4064544265155,58.20774221447738
250.79110335804623,83.414167808244
251.175752289577,68.03597668894218
251.56040122110772,37.343463790457804
251.94505015263846,35.59021713533691
252.32969908416922,20.999006078690666
252.71434801569995,17.7488113432464
253.09899694723072,4.727998152397527
253.48364587876145,13.320010083244249
253.86829481029218,24.344662169481808
254.25294374182295,63.104986202227416
254.63759267335368,62.463681319625124
255.02224160488444,54.34039953274444
255.40689053641518,56.89679652493666
255.79153946794594,47.33203152062935
256.17618839947664,39.67615960958758
256.5608373310074,57.97681993115688
256.94548626253817,96.7925742591734
257.33013519406893,123.10558774514354
257.71478412559964,91.18755693799326
258.0994330571304,52.49948647385072
258.48408198866116,16.8534375924215
258.86873092019187,6.961593819356405
259.2533798517226,18.20104971143917
259.6380287832534,15.485148846179191
260.02267771478415,6.0632078951843305
260.40732664631486,30.235954093326608
260.7919755778456,47.06826936062212
261.1766245093764,65.42700138160707
261.5612734409071,71.25502899931969
261.94592237243785,21.29039117462333
262.3305713039686,16.651080898745064
262.7152202354994,56.44676454750826
263.0998691670301,36.257674454993094
263.48451809856084,26.92550056487808
263.8691670300916,17.37311078847491
264.2538159616223,8.874707157413932
264.63846489315307,36.90132683955752
265.02311382468383,62.42590769466317
265.4077627562146,59.855686288675
265.7924116877453,74.40297509021838
266.17706061927606,53.54917899018654
266.5617095508068,43.626016194700235
266.94635848233753,74.41374632489178
267.3310074138683,175.24574913660945
267.71565634539905,235.62696915429322
268.1003052769298,202.32778142158932
268.4849542084605,155.73230223223226
268.8696031399913,103.86487001457208
269.25425207152205,59.94668182645859
269.63890100305275,15.742506215339645
270.0235499345835,13.689735474368069
270.4081988661143,34.38095261385958
270.79284779764504,74.73288021168254
271.17749672917574,104.41235068382285
271.5621456607065,144.44283505808775
271.94679459223727,187.73982823686347
272.331443523768,210.7739928519852
272.71609245529874,128.8587123051928
273.1007413868295,234.04830333275322
273.4853903183602,205.78061107865543
273.87003924989097,279.8998461408179
274.2546881814217,437.45368877391223
274.6393371129525,337.068093862629
275.0239860444832,374.58383683314065
275.40863497601396,354.6521484286412
275.7932839075447,219.45995117571897
276.1779328390754,258.6974139665397
276.5625817706062,259.65891734813493
276.94723070213695,284.24859797196103
277.3318796336677,443.0752863253414
277.7165285651984,658.9516813681257
278.1011774967292,532.1259128867833
278.48582642825994,423.9616753433804
278.87047535979065,419.2099833479076
279.2551242913214,120.96658174347984
279.63977322285217,438.6933014123802
280.02442215438293,495.0694257411843
280.40907108591364,252.80261494718508
280.7937200174444,107.5665298559667
281.17836894897516,222.93037023068004
281.56301788050587,545.7690161211889
281.94766681203663,510.38204728814986
282.3323157435674,278.5763704535295
282.71696467509815,219.54354322657272
283.10161360662886,199.72051548163088
283.4862625381596,48.255430927425714
283.8709114696904,125.32962193037793
284.2555604012211,297.68356444121264
284.64020933275185,610.0266170972164
285.0248582642826,424.9427528318899
285.4095071958134,319.4387685869575
285.7941561273441,222.955742393654
286.17880505887484,238.00599288045098
286.5634539904056,415.09331277397143
286.9481029219363,976.3714573978081
287.3327518534671,869.8082985004788
287.71740078499784,588.7548067793554
288.1020497165286,335.32781691907576
288.4866986480593,194.54701486044408
288.87134757959006,187.67049268002987
289.2559965111208,51.14277315028964
289.64064544265153,239.03018149324572
290.0252943741823,247.0240027475458
290.40994330571306,184.03251638795322
290.79459223724376,457.6582445201957
291.1792411687745,341.6480334066464
291.5638901003053,185.82036393084996
291.94853903183605,43.94339115177448
292.33318796336675,226.62461913799737
292.7178368948975,123.42505760951258
293.1024858264283,301.9619418165829
293.487134757959,327.7253177494534
293.87178368948975,106.05195871939802
294.2564326210205,115.34872858556221
294.64108155255127,145.821073262634
295.025730484082,252.1229040407322
295.41037941561274,27.03518565320453
295.7950283471435,85.11422446506049
296.1796772786742,137.7631926014577
296.56432621020497,176.89354669324538
296.94897514173573,377.83657785152315
297.3336240732665,180.82415145061918
297.7182730047972,137.19396227843367
298.10292193632796,108.98204461681978
298.4875708678587,154.60776672589364
298.8722197993894,54.77807507559552
299.2568687309202,23.279272795769224
299.64151766245095,110.12471315009445
300.0261665939817,22.038346265952544
300.4108155255124,10.288029216522373
300.7954644570432,227.95600079327536
301.18011338857394,250.60081628694155
301.56476232010465,168.49301137573323
301.9494112516354,57.314824881506524
302.3340601831662,81.18090070286335
302.71870911469694,105.44721877521583
303.10335804622764,223.52386987544318
303.4880069777584,264.6495304554761
303.87265590928916,191.7262872083723
304.25730484081987,240.69695380894848
304.64195377235063,153.67941348664678
305.0266027038814,68.35667964603385
305.4112516354121,1.7613744396405457
305.79590056694286,4.598124575002943
306.1805494984736,16.180762033283077
306.5651984300044,131.60168181358029
306.9498473615351,166.41037720615373
307.33449629306585,139.28133641894988
307.7191452245966,180.26780451064548
308.1037941561273,153.76441337780142
308.4884430876581,122.32177898959046
308.87309201918885,20.312032195875695
309.2577409507196,6.73873797218846
309.6423898822503,37.098098511492424
310.0270388137811,40.5962728324504
310.41168774531184,145.401479991846
310.79633667684254,82.52262766722868
311.1809856083733,135.27638359472988
311.56563453990407,63.76727301956423
311.95028347143483,172.75443985604846
312.33493240296553,100.47808537754995
312.7195813344963,66.14470280494125
313.10423026602706,57.15168767471658
313.48887919755776,67.66923129044125
313.8735281290885,117.69112716276773
314.2581770606193,235.4583558774858
314.64282599215005,67.57066586035707
315.02747492368076,212.005484873957
315.4121238552115,21.19684800738464
315.7967727867423,225.09029911607553
316.181421718273,102.52922801564526
316.56607064980375,67.25261415611043
316.9507195813345,117.41215230251163
317.3353685128653,118.2198846764489
317.720017444396,84.14401171607659
318.10466637592674,174.9386468033785
318.4893153074575,46.94621920183656
318.8739642389882,217.44802346617678
319.25861317051897,37.3558729022168
319.64326210204973,222.33797696321105
320.0279110335805,160.4103902447206
320.4125599651112,143.40248957290325
320.79720889664196,160.6558055647059
321.1818578281727,278.027164526812
321.56650675970343,49.63742209666312
321.9511556912342,202.70106344211882
322.33580462276495,88.69308912990734
322.72045355429566,292.6702284833893
323.1051024858264,112.22651723920242
323.4897514173572,82.19484720912668
323.87440034888795,232.82598642971269
324.25904928041865,253.49797210239493
324.6436982119494,77.89764848975642
325.0283471434802,194.73539085803603
325.4129960750109,86.63253537611276
325.79764500654164,254.3604778522859
326.1822939380724,73.59716757257814
326.56694286960317,199.1475368181207
326.9515918011339,219.34665696933422
327.33624073266463,157.37119960045266
327.7208896641954,230.20873174470714
328.1055385957261,289.9730601973135
328.49018752725686,51.05161137308003
328.8748364587876,267.1904752897557
329.2594853903184,138.77958954993017
329.6441343218491,263.99416103527466
330.02878325337986,173.85302264236196
330.4134321849106,18.076401999911212
330.7980811164413,358.23445626826265
331.1827300479721,303.8290686280522
331.56737897950285,181.2000048788786
331.9520279110336,195.45266077555584
332.3366768425643,96.44866973712803
332.7213257740951,280.1702022994055
333.10597470562584,159.65676195030414
333.49062363715655,207.8500166933875
333.8752725686873,265.3364479424277
334.25992150021807,227.7684283024854
334.64457043174883,157.27623741558406
335.02921936327954,83.57178411520013
335.4138682948103,160.43951870764346
335.79851722634106,143.1914483739882
336.18316615787177,178.78290655810233
336.56781508940253,133.0158304623856
336.9524640209333,236.77884725736922
337.33711295246405,155.99488716255962
337.72176188399476,106.41373945219576
338.1064108155255,165.50603835481135
338.4910597470563,74.65967129268455
338.875708678587,34.13177855881569
339.26035761011775,113.58200600388301
339.6450065416485,109.9466542011615
340.0296554731792,137.3745148392164
340.41430440471,75.06135488680074
340.79895333624074,131.95216978095016
341.1836022677715,180.2686021420076
341.5682511993022,72.98808971170814
341.952900130833,194.88445879269636
342.33754906236373,114.07046102780306
342.72219799389444,56.36024021269601
343.1068469254252,57.597090399990776
343.49149585695596,38.287883562300976
343.8761447884867,71.21556940833977
344.26079372001743,75.95980895022622
344.6454426515482,112.11181760340311
345.03009158307896,139.76403930763948
345.41474051460966,108.90840650161338
345.7993894461404,129.7191156093299
346.1840383776712,95.38967132539683
346.56868730920195,133.61077994781124
346.95333624073265,35.94864993175059
347.3379851722634,35.907817287882125
347.7226341037942,88.12544235842311
348.1072830353249,77.10786094843229
348.49193196685565,72.72192094419646
348.8765808983864,61.53062600534637
349.26122982991717,131.18548857191172
349.6458787614479,37.74995789824146
350.03052769297864,27.93357245077414
350.4151766245094,121.48213263215149
350.7998255560401,103.65260420489214
351.18447448757087,51.97986181200185
351.56912341910163,31.690448506647783
351.9537723506324,27.985271527182682
352.3384212821631,84.48461855672086
352.72307021369386,49.20511272662096
353.1077191452246,35.43671750878286
353.4923680767553,16.70540382677748
353.8770170082861,24.46082675828553
354.26166593981685,52.5454135864437
354.6463148713476,29.125424366736716
355.0309638028783,57.93923312738243
355.4156127344091,10.261901660769079
355.80026166593984,18.31388565228305
356.18491059747055,14.228719136437679
356.5695595290013,17.805203582908632
356.9542084605321,51.31351936841672
357.3388573920628,27.610585032659234
357.72350632359354,24.118496824116473
358.1081552551243,12.708653612982049
358.49280418665506,39.9438191875322
358.87745311818577,28.405729850509157
359.26210204971653,27.166280034114777
359.6467509812473,23.702758432316763
360.031399912778,34.44580229480949
360.41604884430876,35.165949656373705
360.8006977758395,42.05323140343567
361.1853467073703,59.101836285493484
361.569995638901,13.097181669746785
361.95464457043175,23.141651377447396
362.3392935019625,80.18334455900171
362.7239424334932,79.39120861995556
363.108591365024,23.20492021646415
363.49324029655475,36.87459014596841
363.8778892280855,4.666609297627803
364.2625381596162,42.19817503433813
364.647187091147,39.346476894006685
365.03183602267774,76.94779809071612
365.41648495420844,57.88521656485773
365.8011338857392,52.800295773408834
366.18578281726997,122.46810593416964
366.57043174880073,102.58225004453462
366.95508068033143,155.98963084269099
367.3397296118622,51.020451978699064
367.72437854339296,115.64694142683285
368.10902747492366,24.275186473891758
368.4936764064544,145.5730910164852
368.8783253379852,79.06234815488015
369.26297426951595,192.50866923594458
369.64762320104666,55.2056858536419
370.0322721325774,209.34330285182395
370.4169210641082,105.23130480249714
370.8015699956389,104.99799201546527
371.18621892716965,115.94193235510527
371.5708678587004,79.4192857944235
371.9555167902311,105.49385841541493
372.3401657217619,8.189140812145858
372.72481465329264,194.52309077374858
373.1094635848234,61.94703844203421
373.4941125163541,258.3521142145597
373.87876144788487,131.624050079547
374.26341037941563,71.23013387902358
374.64805931094634,13.73734330013455
375.0327082424771,290.1161035833553
375.41735717400786,89.16661180176314
375.8020061055386,162.91677371889534
376.18665503706933,86.5834957504439
376.5713039686001,132.21751818083732
376.95595290013085,63.325836995634866
377.34060183166156,143.51856639922588
377.7252507631923,196.94183587447026
378.1098996947231,95.45921362753349
378.49454862625385,63.14846647673815
378.87919755778455,21.378460486044425
379.2638464893153,39.81429615177706
379.6484954208461,21.28632224460839
380.0331443523768,272.97380542772356
380.41779328390754,424.4431675024775
380.8024422154383,259.12675641907987
381.18709114696907,217.45405094422622
381.5717400784998,312.52618211891246
381.95638901003053,51.80717695810214
382.3410379415613,17.007373296783364
382.725686873092,101.26499407534924
383.11033580462276,366.47312096333536
383.4949847361535,308.1792670282807
383.8796336676843,246.14306047942281
384.264282599215,559.2004781900359
384.64893153074576,348.9133608612342
385.0335804622765,228.19375715091957
385.4182293938072,172.04944094617554
385.802878325338,94.11870896139071
386.18752725686875,85.60526232316852
386.5721761883995,272.6916673700799
386.9568251199302,68.99416944267456
387.341474051461,319.0799143009239
387.72612298299174,148.9424409580851
388.11077191452245,177.7997570750577
388.4954208460532,231.22884858506694
388.88006977758397,130.18770934721778
389.2647187091147,180.034037094107
389.64936764064544,109.73637089935983
390.0340165721762,71.47437503320013
390.41866550370696,111.08672818276773
390.80331443523767,104.3722509592611
391.18796336676843,181.52438500848652
391.5726122982992,199.06090967721042
391.9572612298299,292.56307791693376
392.34191016136066,266.54439545623916
392.7265590928914,326.2150791283531
393.1112080244222,178.63652735487244
393.4958569559529,94.67897011799343
393.88050588748365,41.89921406756006
394.2651548190144,134.20117780453896
394.6498037505451,161.94473171600342
395.0344526820759,105.89633479382341
395.41910161360664,79.29160319189197
395.8037505451374,102.37439752031128
396.1883994766681,12.375141024906668
396.5730484081989,46.885922936229655
396.95769733972963,29.36414631864289
397.34234627126034,43.987857898309215
397.7269952027911,31.465419049528897
398.11164413432186,77.68081614383989
398.4962930658526,77.63040699915746
398.88094199738333,82.66470862881927
399.2655909289141,89.9561545932643
399.65023986044486,48.57292447980774
400.03488879197556,38.2407070570585
400.4195377235063,78.23502190900054
400.8041866550371,40.603408853137246
401.18883558656785,63.518318426369646
401.57348451809855,32.762884983769794
401.9581334496293,10.894668119443091
402.3427823811601,3.558884575477395
402.7274313126908,17.108281755107345
403.11208024422154,24.53232984296773
403.4967291757523,40.53239852499933
403.88137810728307,23.038774214232053
404.2660270388138,26.767122669047037
404.65067597034454,48.3683567829527
405.0353249018753,15.619280066259279
405.419973833406,17.077082950979957
405.80462276493677,13.231151993942559
406.18927169646753,49.85533174817958
406.57392062799823,21.972447324329014
406.958569559529,36.34385443851645
407.34321849105976,79.09041203071737
407.7278674225905,55.38860340122076
408.1125163541212,98.14842530659651
408.497165285652,72.86875715638455
408.88181421718275,32.82681975124232
409.26646314871346,145.57873697791132
409.6511120802442,132.1752757397501
410.035761011775,187.24477471068286
410.42040994330574,77.82227290338238
410.80505887483645,61.27944874003189
411.1897078063672,64.70876495208847
411.574356737898,21.653518575640106
411.9590056694287,72.94351992003199
412.34365460095944,192.1192081288478
412.7283035324902,207.13702228998878
413.11295246402096,205.27863155433093
413.49760139555167,113.33684579868518
413.88225032708243,92.19141206413227
414.2668992586132,28.330163189230667
414.6515481901439,54.61384052096388
415.03619712167466,68.01182436001682
415.4208460532054,79.41247736991073
415.8054949847362,124.72336145494324
416.1901439162669,175.385354169452
416.57479284779765,137.40509020221856
416.9594417793284,177.7335536989878
417.3440907108591,158.21947587266976
417.7287396423899,220.9550389530991
418.11338857392064,178.75049888435504
418.4980375054514,141.3915624605737
418.8826864369821,168.8135445878114
419.2673353685129,155.11667325057584
419.65198430004364,237.86950949245985
420.03663323157434,156.71682397322382
420.4212821631051,194.988056455266
420.80593109463587,75.23108494827137
421.1905800261666,43.59172997629746
421.57522895769733,181.61727355161563
421.9598778892281,221.46611182975462
422.34452682075886,268.0076829341141
422.72917575228956,145.6916475652586
423.1138246838203,124.79158121631342
423.4984736153511,82.85292081827188
423.8831225468818,11.806241348003859
424.26777147841256,56.34120839679394
424.6524204099433,77.71301261366172
425.0370693414741,107.46017847029252
425.4217182730048,92.06747221843719
425.80636720453555,75.9537803362589
426.1910161360663,99.97425294209101
426.575665067597,100.7586755854169
426.9603139991278,80.8692185853047
427.34496293065854,50.910758744161015
427.7296118621893,77.93263046794725
428.11426079372,70.2075079437431
428.49890972525077,113.43918059033194
428.88355865678153,49.1021990473258
429.26820758831224,74.39165989478933
429.652856519843,5.935511327828127
430.03750545137376,118.01662031759143
430.4221543829045,23.054170362843553
430.80680331443523,119.87605401607924
431.191452245966,142.58530813548623
431.57610117749675,109.37290752862693
431.96075010902746,193.17711035844243
432.3453990405582,53.796344330452314
432.730047972089,210.0716625575659
433.11469690361974,143.67314795889484
433.49934583515045,197.36305386331264
433.8839947666812,253.63531687852435
434.268643698212,90.69777723786231
434.6532926297427,188.5342237723859
435.03794156127344,183.00185364246136
435.4225904928042,114.20891390109671
435.80723942433497,205.22553356935606
436.1918883558657,131.42904669962255
436.57653728739643,159.61115658617948
436.9611862189272,214.27660543918586
437.3458351504579,262.5831461825406
437.73048408198866,336.5519503972302
438.1151330135194,295.8333535184393
438.49978194505013,334.36578084953743
438.8844308765809,240.54170159263037
439.26907980811166,251.8858769171503
439.6537287396424,362.1025106375458
440.0383776711731,352.8490261765706
440.4230266027039,223.4764012141163
